timestamp,sensor_1,sensor_2,sensor_3,sensor_4,sensor_5,sensor_6,sensor_7
2023-01-22 17:00:00,-5.310582187752376,-4.583921981462208,10.978804438388224,-1.6948908282739754,1.11551597193322,-5.556344925763519,7.635206044848805
2023-01-31 17:00:00,9.214608684763114,-8.741930828878061,8.9460211399639,-11.87443403451391,6.238077440993898,5.0152440293741725,2.7628403988247383
2023-01-31 20:00:00,14.470052081800374,-11.157490059985722,2.768490606244017,-11.96832420473121,-1.8661910221242453,8.823455709798127,-1.3095722227793296
2023-01-28 12:00:00,-3.411857201387718,-8.346859620495362,4.86664258468719,-9.518728900225677,-3.954212432494925,-4.97378052312826,1.4355270360038332
2023-01-18 03:00:00,-11.02046758286224,-0.213235355561192,-0.0017460311173633,-9.04487442790055,8.235346636619349,-9.39412567764207,-1.773843435708501
2023-01-29 06:00:00,-7.824088675202385,-2.015356055683662,9.541309709728,-8.56640238092351,8.203598590075213,-7.182642224929909,3.7224957096084608
2023-01-27 02:00:00,10.59249253591608,-3.752297460996941,8.894609625854176,-9.991404793235857,-0.6486263527315939,7.611465602069576,3.160147358332796
2023-01-22 09:00:00,2.98786039138965,2.810175837990614,-6.866069339863284,-3.4301602569624805,-3.501388055501357,3.896433181294484,-6.181748055484153
2023-02-05 19:00:00,-9.362649903907448,0.8539727895710144,1.713436046228627,-7.044673291743005,-1.5059241306752629,-7.888079705657339,-0.6912412188591205
2023-01-06 16:00:00,-1.7033861734312878,3.4872648759125364,-5.213307979546591,2.153392019285766,-2.07642596658696,-0.9183461586972568,-3.970163542889063
2023-02-03 19:00:00,9.905675422590852,-1.4176473084778478,9.761804552790313,-6.721618302595053,6.98737859547149,7.332170587918785,4.480130470326368
2023-01-04 04:00:00,-11.532228970725845,-3.943588366816664,10.235655274746806,5.742661525962855,1.8418551148061344,-9.90843035162414,8.186221588919889
2023-01-27 12:00:00,-8.74980689734833,-8.079818247663086,-1.894956549604444,-1.7615782871534424,2.013512468239416,-9.141421993099268,-1.3606981704701848
2023-02-10 13:00:00,4.386733185249547,-4.792368763988705,11.355914442949564,-12.074313016802224,-1.1436640280398032,2.298663342640447,4.297409598161134
2023-02-09 02:00:00,3.900644819150081,0.4761186023551438,-0.4152662447711621,-3.805802582176809,7.649054697672453,3.2516074503079366,-1.3476770147307933
2023-02-07 11:00:00,-11.167000032029367,-9.733347759928485,0.3267279017453212,-4.967477564853255,10.320855947282846,-10.783127385089042,-1.7273751871750491
2023-01-12 16:00:00,14.1855373607384,-3.613201641038468,2.988520757560556,-7.390385367961627,-1.25353298129663,9.625306544480967,0.7259021569929444
2023-02-06 19:00:00,-0.0031944722455987,0.9246798671139296,-5.024277870874228,-1.4085557597770284,3.600619859342768,-0.0774139260952366,-4.543541898075411
2023-02-01 17:00:00,-10.582142591990388,-5.451485895620416,10.306609285555645,-10.271554892704568,12.384274844815788,-9.901377144675529,4.429081261610692
2023-01-14 07:00:00,8.635384771297849,-2.0963322122783183,-1.1354916263772703,-6.430505322700805,-1.2556291597692386,6.964467469060968,-3.168164634237878
2023-01-23 21:00:00,-7.768707016250646,-7.145060903409988,11.23834388466678,-8.938850787075067,-0.0409162317886068,-9.291196354444018,4.824668622101086
2023-01-08 06:00:00,-12.993240520620052,-3.537000867991288,1.5533996450569387,3.1443290835017565,-3.5550373976954,-10.624031935793706,1.466705557726477
2023-01-16 11:00:00,-10.582973384706438,-3.96297585617998,-0.5841348218913209,-6.911271389276303,-5.402761032627795,-9.346514847188397,-0.5474830808394189
2023-01-22 23:00:00,3.831019069453696,-7.791645048981443,7.353031755321727,-9.658333813376794,9.97184216879636,1.442913235314251,1.802684924503972
2023-01-09 18:00:00,14.625088332816594,-4.188366154317601,7.928650820292338,4.166658350551829,7.35065937154009,10.489392218190916,7.790258622837871
2023-01-10 19:00:00,9.283075270654267,-1.68403067212112,13.27347856457653,-3.854772118017118,1.131770644884076,6.574404769845384,10.536284276071996
2023-01-05 05:00:00,3.655896985885736,-5.459001440205498,11.548244726998009,-3.536885006582549,6.815621135644162,2.237003085699427,5.815005800192495
2023-02-11 02:00:00,-1.7835870840751649,-3.6496960935739846,-8.312492139832143,-11.675054796632136,11.78415695907228,-1.8771421341509584,-8.889377548118143
2023-02-07 14:00:00,-2.809481640975368,-9.839526932080917,-8.243620362519353,-1.5667756312164745,13.138453751094588,-4.226887461559518,-6.325179905670272
2023-02-09 11:00:00,13.763122878337311,-7.974036758011416,9.784665553588605,-10.797287366634938,-1.4429366478787722,9.496520068572147,3.3503706409484257
2023-01-15 10:00:00,3.812392280879456,-1.5400666666500964,-1.8717214059449008,2.308413538991389,-3.463980836380462,2.6312196308349134,-1.4368626501034552
2023-01-06 19:00:00,13.271717236364395,4.502563632810046,-10.695233337035496,-2.429901794434722,-5.481667479114798,11.945666259427068,-8.02394197625135
2023-01-26 21:00:00,-11.128120868617506,2.4028885013864576,-1.3895987869895636,-9.15784906909296,7.288630249984731,-10.588701293002371,-3.581361745870652
2023-01-21 19:00:00,4.359908711742052,-8.611919160787428,9.99307709257849,1.8639862664880684,9.903342595824403,1.7923565144909714,7.3269257044319005
2023-01-16 10:00:00,-12.14724449932358,-5.313529304029749,3.3066547432741853,-5.551019078463027,-5.007196911029648,-10.085743987772643,0.0434494509749626
2023-01-09 06:00:00,0.823478545101767,1.3615540516947378,-0.5498188666839221,-4.9800816542855735,-6.550770519890048,5.780513542724458,-11.296898158511295
2023-01-29 15:00:00,2.0454798478059035,-9.494192430103704,2.115083040738256,-4.1817898902944135,-2.993756126640734,-0.8480749174893347,0.2676570780971263
2023-01-25 08:00:00,12.055460711157355,-5.8314567760010805,-3.394910860386143,-10.35670382403367,9.581942992319217,8.233424243036325,-4.864566228007381
2023-02-07 13:00:00,-8.158239473722578,-10.734422553767024,-5.351327187106615,-3.17152366434472,11.997309491871746,-8.683902026499945,-4.837897223264641
2023-01-03 11:00:00,4.290835524105032,6.023552823907718,-8.948446634598346,2.9497728694420937,-4.460114898026383,4.633282979094437,-5.532447196250796
2023-01-14 16:00:00,-12.11014638348956,5.347982813741798,-9.061487540060783,1.703014286811834,9.56887431880163,-9.427146314248947,-6.354342726578381
2023-01-05 00:00:00,11.090122464541558,-5.450547329502764,3.347593168422541,3.631077389824125,7.307002754272293,7.835938854834888,3.6810557438485927
2023-01-14 00:00:00,-7.719634116283093,-8.172089204979478,12.506876368547884,-4.375347091470191,-5.18147427609135,-8.264871893096974,6.699245291248289
2023-02-10 14:00:00,9.542856796582695,-7.637050221631009,8.515333269791174,-17.05781351485558,-1.5300092904783626,5.538668359520187,2.0671204059361
2023-01-13 11:00:00,-9.683423924712931,4.791915466574424,-10.05458535208698,-7.209333776438534,9.395996845218209,-6.585775508117597,-8.900376696173298
2023-01-12 13:00:00,8.058604994337154,1.205496993573345,-4.723690101966959,-8.868867871509169,3.707773864387718,6.330902882944677,-5.783950287097631
2023-02-08 12:00:00,3.628260016579676,-9.862921292307458,3.986487869420365,-3.695101614496637,4.355147144104886,1.0708077453856717,1.064182785856306
2023-01-26 01:00:00,14.423486515155592,-5.209971520840607,10.911770161349372,-7.888651381418091,-4.29180107300164,10.406174608870876,5.05161238939633
2023-01-19 07:00:00,-11.456820161097482,-1.541946161610121,4.40399633316344,1.3722820414499497,7.219829602538688,-9.405499593747171,2.7751034495826863
2023-02-04 21:00:00,16.006453354754264,2.6072219824123994,10.78558889510988,-12.64510088319453,2.6154023834477904,15.525009544873162,4.129901322295026
2023-01-24 18:00:00,11.098613144919137,-0.1601985211375863,3.083513360044011,-6.581857159249876,-2.6513568024619176,9.670463420296397,-0.3635370926056375
2023-02-06 15:00:00,15.250578804358698,-4.132636124581863,-9.902862817298972,-6.382655040919192,9.957216024969574,12.38193878843144,-8.404189593272129
2023-01-11 21:00:00,-2.9016354407639384,-7.041384511289277,11.013167634203343,-6.686211626675098,-2.507773446959541,-0.685582565921957,5.839517046490118
2023-01-25 02:00:00,-9.799948910533203,-7.677698604418015,11.558267865827773,-3.797579974083479,0.1642454872715019,-9.426468567913547,7.9665302572595875
2023-01-01 23:00:00,-9.42278199590636,-4.618768529096194,9.71650877625017,-0.5432948150512502,-5.715884883946085,-9.081017689852864,7.119171542798108
2023-01-02 06:00:00,10.780726004078794,5.765380527154183,-3.825834336983695,-3.722494992717777,-5.053199918517823,9.233259015917056,-3.7652993498995073
2023-01-26 17:00:00,3.6419754315720665,1.3758624866658091,-9.467592122630904,-2.036571900942923,11.320140540061155,3.415603200604004,-6.636717130887849
2023-01-01 10:00:00,-4.6831964075208745,3.7186732633958153,-10.814926364038577,-4.785626963355351,7.11488946091011,-2.80130617631955,-8.600224212818548
2023-01-10 05:00:00,7.364656302837835,4.340621233389092,-11.681032846042603,-7.399890477464499,0.7176765969097969,7.304996260957795,-9.513703309351603
2023-02-04 04:00:00,8.025314989652193,-9.73605670961934,-0.4188436322003327,-8.018233342362587,11.626455802613185,4.501141444728619,-2.5227076068167578
2023-01-13 08:00:00,4.497156481296465,2.451092414253785,-8.081222296151749,-11.409859977295392,7.063187804301348,3.8648534745491294,-7.435889585615881
2023-01-03 06:00:00,8.759280870189587,2.8394744981407403,3.3285481501562426,3.587479538916556,-6.3774215057211645,7.638834917632818,3.0091761514959985
2023-01-23 14:00:00,9.073759274119022,2.342879971212457,0.0071197367224025,-4.158149178636568,-3.557340838647084,7.602762597019471,-0.5796229438369274
2023-01-09 17:00:00,15.267564070260184,-5.060517002276698,9.761399226074335,3.1355210470818093,5.825135531341573,10.933236265880476,6.533679123855656
2023-01-26 04:00:00,-2.426052470163609,-8.838709306011756,10.481556583502572,-11.284902025919134,-2.857383455800413,-3.69622871952152,5.013952056820238
2023-01-29 20:00:00,-7.5656736209332,-4.711916808516336,-9.003674885308095,-0.0739417737267669,-0.362052078329704,-7.421768650829955,-6.108206459234473
2023-01-28 14:00:00,-13.7555194176262,-8.35420694375841,-0.403878721408772,-10.986433790085936,-2.1286244333830737,-12.524191404362709,-2.804808371578672
2023-02-06 02:00:00,13.73510229301843,-7.132614687300453,12.211292775259512,-2.588621672172707,3.2196689591415475,8.457090017871671,7.922225809654376
2023-01-03 22:00:00,14.965103508837148,-5.563432639585226,5.667824346683616,-1.8904043814821152,8.37014601166663,11.006179170300031,3.804740428009613
2023-01-23 15:00:00,14.31992459789091,1.1106180698898465,1.623964233053404,-5.319893013426775,-3.389250889088899,12.607382003823195,-1.035194128441046
2023-01-05 11:00:00,-7.105590620931217,1.4798373245821308,2.1057244221808853,-5.174069180208029,-1.4162327402469328,-4.723819370506273,0.0804127839536093
2023-01-21 13:00:00,-3.761870857746017,-4.109226211173129,8.612974090880964,-6.802079169669388,2.0791656568532666,-6.975593524885022,7.300999491375311
2023-01-25 14:00:00,-4.062389996805226,2.683846571182629,-10.019686731369156,-4.760880814425085,10.270659378054594,-1.5486506024185032,-7.773824476832425
2023-01-31 21:00:00,11.015537266536311,-10.34812984465481,0.209154309085769,-11.278719501903304,-2.992323059532981,6.218130448705735,-2.9182960601609587
2023-01-13 04:00:00,11.98626825201709,-2.491219424909413,1.1051128562145731,-7.422022303793595,1.0101921864820964,8.816718011921207,-0.586974037037105
2023-01-13 01:00:00,-2.641172401288161,-6.616717909692115,8.415107240775557,2.8480604289667206,-3.3368384365810755,-3.666013375636553,6.932423870081178
2023-01-28 04:00:00,2.270670574624248,-3.2990236624080422,10.443020847573129,0.2397961198709919,4.093354693677893,1.6369039792658726,6.816335747699638
2023-01-02 15:00:00,1.483639810987193,-0.8199678990738004,-6.923834863403829,5.100897949176739,7.169028580547336,0.6992185788269323,-3.770921587724365
2023-01-25 13:00:00,4.717913031878631,0.9228306110250885,-10.355776177904756,-7.493537790103177,10.758700230750682,4.440943600378382,-10.6060088529074
2023-01-13 19:00:00,15.505348223170229,-3.88624035622409,5.323849631221279,4.178772445694409,1.2660535488615916,11.759169202325202,4.812238480567986
2023-01-29 07:00:00,-3.09006117442157,-3.100357671509641,11.181790603347045,-10.91157311691909,6.254467253267824,-2.8567902523014745,4.569767747559234
2023-01-03 18:00:00,-2.568516988924549,-0.0549022596506889,-5.153747939979554,-6.5212164182229095,5.843482446961127,-1.8694726702842703,-5.691898128774561
2023-01-12 11:00:00,-4.520497213457908,3.728772271353728,-9.008709109158891,-6.955309498303012,6.61932814815059,-3.3454850902340945,-8.251628238583557
2023-01-03 19:00:00,1.0483901759042067,-2.60460350242852,-3.697824703659627,-5.6817468305634815,7.034751134025875,1.0915900857340923,-3.947704127658085
2023-01-14 06:00:00,4.211933235092311,-4.84945988032247,1.914312428684336,-8.275196798340145,-3.2046336232229287,2.825343470676972,-2.212287316559433
2023-01-23 20:00:00,-0.8262234097332986,-5.710162862321828,11.543121752681436,-10.768505421306392,-1.948491614083964,-2.050685349919425,4.291314267591645
2023-02-11 14:00:00,-9.674558363772556,-3.3942367055693143,12.282459055609644,-2.9181227647585364,3.842731154255505,-7.801003904887905,7.874564623484058
2023-01-30 18:00:00,4.520650574667215,-9.886924550816286,-0.3470905065447384,-3.9413206919344574,-2.6061948152270373,3.2196241934603123,-1.2517034447201223
2023-02-01 09:00:00,16.10490145570617,1.3374494876453054,-0.9614757612842532,-5.431709527353345,5.930783654365099,12.928127409345793,-2.5283662621126823
2023-01-14 15:00:00,-12.192451936924058,5.0827758015536615,-9.38446370690832,2.536560308105172,9.497803093764697,-7.788646260987812,-5.99698696390331
2023-01-16 22:00:00,-8.504478979232317,3.3645534523309,-6.7805052960968615,2.890304438842441,7.335334498766,-6.286264187380159,-4.522292600247725
2023-01-19 19:00:00,-3.650739747504902,-4.716692478326586,-1.5577744896426609,-10.46732336643631,1.98252542426176,-3.6766613514285216,-4.473701260547285
2023-01-22 18:00:00,-9.748039245245462,-5.000561679669627,12.050519198940831,-3.8670886609574495,2.8559004102571923,-8.660997596146093,7.609574883934372
2023-01-10 02:00:00,-9.798358112894572,5.159777170415331,-9.245617388518626,-6.565294023076098,5.326712020998513,-6.951758031304823,-7.858125396286693
2023-02-02 19:00:00,-10.630648019729245,-6.2413595529539405,12.53848121147466,-0.4398082011865247,12.404230621696335,-10.062318947127848,8.372579860580396
2023-01-19 04:00:00,1.9149150832843929,1.7959308080175735,-2.059020608300496,-4.519571471768113,0.2647465494162322,1.8263344399210184,-3.03798109639174
2023-02-01 20:00:00,3.7999236659453617,-9.029638756805149,7.744752736957426,-5.477197606021873,8.991721548840909,1.651452867014876,3.436897879507913
2023-01-04 16:00:00,-2.1591980082677367,2.518134161334908,-11.03242399484166,-4.167389561644862,-4.762454271595533,-0.2754338168135608,-8.611701833004469
2023-01-03 15:00:00,-12.759611784159922,4.595382170592644,-10.085068266076354,-3.896037190460471,0.6476497623146364,-9.92932284260479,-8.52219406740922
2023-02-04 10:00:00,4.961662680119029,-4.631851580857616,-10.10932269027983,-1.5285912333803513,2.275137281992598,2.8109816229106954,-7.61623389283632
2023-01-30 20:00:00,-3.5702913528806715,-8.663556366629408,-4.403267883179985,-8.38591273944842,-2.806613009002451,-5.466030347350293,-4.762251641040268
2023-01-15 15:00:00,9.276866858442103,3.960598028336639,-10.692652125243823,-5.517086781788749,3.872784403681463,8.439783962780622,-9.186034824023803
2023-02-09 00:00:00,13.862895874762932,-0.9386746494510452,-3.865116853265799,-8.821005583763405,11.298344353635184,11.173594554506268,-4.670991380840297
2023-01-11 16:00:00,-5.854244188542107,-6.749708297468226,7.75284607062888,-7.517234605893817,-5.851768408199401,-3.502596216903344,3.3679279863675324
2023-01-27 11:00:00,-9.476191615973576,-9.279181693494824,0.478351312171871,-0.3503415489575888,0.1944988877410814,-9.8079375749472,0.6321140498101694
2023-01-27 20:00:00,9.135215569181932,2.355400860322227,-9.375794935734666,-10.882398998138031,11.78208310727126,7.031108812725361,-9.924933994112228
2023-01-24 02:00:00,-0.5937187745783364,-9.241959437138217,5.743333257833821,-1.0028044753648269,7.973734124355474,-1.9331038991429208,3.78368909738494
2023-02-09 23:00:00,4.167793271742748,-6.455030410823536,-9.38311396876749,-3.0017500430944954,13.026311339348636,2.663584167212346,-7.297862120618023
2023-01-08 00:00:00,14.16111330943994,4.931695831845049,-10.965456436420451,0.9688946486876844,-5.630734420811419,12.972426119742275,-3.0731432972974373
2023-02-08 05:00:00,3.832720370067729,-1.281978298985519,11.572291870652071,-11.95389473660794,-1.893485398080196,0.1603638658806474,4.738367531080556
2023-01-23 00:00:00,9.510922112730878,-7.561715841694459,4.756539530139778,-11.447136199321958,10.872644942398756,6.115944620455809,-0.1058357912406038
2023-02-04 07:00:00,15.020370659236232,-7.383540733607289,-6.97425392112118,-3.489193053901662,6.813361042440051,9.986670443044366,-6.539816130199428
2023-02-11 01:00:00,-5.554911245756811,-7.672696277025952,-9.379368469316615,-10.762539159846789,10.423667975621614,-6.153821789856424,-9.85530242751737
2023-02-04 00:00:00,-10.54336834269929,-8.299008781659031,8.129828369340585,-13.137858710069796,12.882353002613993,-12.998783627570608,0.8282405169277874
2023-01-04 14:00:00,8.498398749074973,5.303431839764022,-9.940760300459862,-6.133202954847863,-6.268261927529986,7.725365171196474,-8.991251765545638
2023-01-19 00:00:00,14.756350109521453,3.007257640687623,-9.335778734898986,-9.641698106203762,-3.488417584277884,12.365323677642415,-9.92012402833138
2023-01-08 16:00:00,8.020782714849096,-3.351168595562126,7.180211814363093,-5.280097175159046,8.906266006343051,5.448750855543824,3.4878522589636844
2023-02-10 18:00:00,12.573220670983684,-11.36159900949592,0.8222154365615155,-2.275510667059469,0.0205618167892834,7.254508450161363,0.5217727793333453
2023-01-23 06:00:00,-0.4876702985512798,-0.0247822569218666,-9.4234953928656,-1.1390395240465634,7.796201276061775,-0.926947532886874,-6.290462407789922
2023-01-13 06:00:00,12.706080643304055,0.3440351015695972,-4.140042796525679,-9.111062116236848,4.455125308624566,9.12893636124408,-4.724386782125011
2023-02-07 04:00:00,18.150068619469376,-2.514568505346767,12.14289079418371,-12.8725468542337,-0.5526997543701835,13.831063304433796,5.247605053302701
2023-01-18 17:00:00,-11.91041695527725,-4.6564122363593405,-1.8168418074111352,-0.8077729841195489,-2.5533583006402227,-25.336940849467577,-4.416250966526846
2023-01-30 17:00:00,10.423100933901177,-9.809736402039942,4.135840421791968,-2.7995145412899163,-0.998355792361608,8.335470369989793,1.6223383547377772
2023-01-11 20:00:00,-9.110254390676957,-7.657423213726754,12.087540890159037,-7.067987033050554,-4.086653600300636,-5.052294608399492,6.411653941572748
2023-01-10 21:00:00,15.29895896809047,-1.3166659898122508,9.91737458771108,-7.445345516824206,4.877999029271122,10.81091454354689,2.6717406205352776
2023-01-24 07:00:00,14.838770968485557,-3.446829538169967,-5.819902061417475,-0.4743506893626095,8.195446036121012,11.178945136664334,-8.566910704212926
2023-01-25 07:00:00,5.736258786994675,-7.607564356887725,-0.408236063137563,-9.543386642768535,8.508566874263341,2.4509529838761983,-2.9186213350616605
2023-01-19 13:00:00,11.563903851301736,-7.547829166971999,11.378064207922524,-2.8485399047256204,10.577724276145489,8.137749565551275,7.406114688313419
2023-02-06 03:00:00,10.05052756450421,-5.537746052180591,13.045490011763576,-4.65779140695684,4.764543733013252,8.054992942072777,7.572005947758964
2023-02-03 08:00:00,-4.861923325382948,-3.000817595078205,-10.293979544349083,-9.63918164590548,-1.269593887757437,-4.623727037966075,-9.47094121933604
2023-01-25 23:00:00,13.831838660952002,-2.1363572684851366,8.811840313426439,-4.324379063676603,-2.850598862134868,13.122781947759124,4.7477079290464825
2023-02-05 09:00:00,12.021588210070504,-9.3713941189674,-6.19861681163099,-5.697786709363684,11.614419601150338,8.28957774558696,-6.2531766314228445
2023-01-12 01:00:00,15.450118066051768,-1.319676084200723,0.8512247731993052,1.3258763083547382,3.5988120547764666,11.466031052663576,1.3328946983278214
2023-02-11 11:00:00,-4.224519141080824,-0.958028215497588,11.274814333758323,-5.675019491352748,9.156001625286605,-2.777731342570548,6.246395749394571
2023-01-23 01:00:00,13.653470477993514,-7.201344210411337,2.174873528974225,-9.97307893617708,11.008395370854606,8.921359192897114,-1.1378724341462665
2023-01-03 07:00:00,12.692854385155815,3.258591112408844,-0.007800317855111,4.684948731529679,-7.243272314416462,10.692180117643002,1.0552247522045628
2023-01-06 00:00:00,-11.291545209770094,-0.4961092447932924,-2.485055103781044,-3.5214733456584817,0.8623919721078953,-9.399525516489854,-3.997396786685546
2023-01-09 23:00:00,-11.716537361748546,0.8080043935094072,-5.33418971044633,-2.683990863667666,8.176371550629861,-8.966329142917566,-4.942938229737084
2023-01-02 01:00:00,2.457699571298794,-0.90873481603731,8.044970911740572,-4.753297997244196,-7.417253867360274,2.396855308731177,2.7604879444880748
2023-01-04 00:00:00,8.263749469517766,-6.404176384417601,7.458411621092617,2.058419670540541,7.3907496767878,5.751802985495591,5.194186155416069
2023-01-02 20:00:00,8.710135423635961,-5.595325188967886,5.256992813292402,-4.142445015052975,6.342660142538722,5.765116705768763,2.776681608561148
2023-01-11 07:00:00,-5.341542643393353,4.657884519238325,-11.14064692882719,3.436072398301739,4.987618752306391,-3.5448283737677064,-6.623322589878803
2023-01-31 01:00:00,-2.30406317872215,-1.4485563223252196,-10.078425381040311,-11.78919739298566,0.3055032024095391,-2.1100471675098422,-9.208669813748587
2023-01-12 17:00:00,9.64977881553298,-3.440064632877202,6.241821761993808,-5.666353350395376,-2.9389333246130875,6.884346049874972,2.93384233948036
2023-02-07 05:00:00,17.128922286169615,-5.937787379693248,11.858817185696902,-13.26797554464045,0.4822095637471413,11.743916135657916,4.177860751694869
2023-02-08 02:00:00,-10.33233902317841,0.2589168505928491,6.96557258978079,-17.12117369303862,-2.935867865379999,-10.926261807871658,1.0045230951852595
2023-02-03 18:00:00,15.992244575620814,-1.1829982621846873,10.901118373840458,-4.906095619296663,5.592245142076912,12.804785227595271,5.19139749417796
2023-01-11 04:00:00,-11.688811254146088,4.258022517464846,-10.440400358620977,-2.3160126447644163,8.890587740804932,-8.130848492710054,-8.290028718465814
2023-02-04 06:00:00,16.036919294323706,-9.209129045129,-5.505866482745622,-5.120505533460745,8.773766674167781,11.114668505474112,-6.086750998332378
2023-01-14 09:00:00,14.54858576105316,0.913435818854802,-5.392540779928643,-2.070037530699178,1.4813500313948345,10.88693442984538,-3.400119247477712
2023-01-27 19:00:00,13.554388095277735,1.6759409306105524,-9.861914894141298,-12.432298982081344,11.76656821907081,11.69837650538784,-10.083150483231504
2023-01-07 14:00:00,-3.86086213891953,-1.8732066126573603,6.039011417133537,-3.16745321483498,7.944729101186186,-2.746607658935462,4.096859066484033
2023-02-10 17:00:00,15.840045418907636,-9.41294826100136,2.873085235446251,-3.4978691581223176,-1.028342961570155,10.872933166604868,0.6121757034505719
2023-01-18 21:00:00,0.6327489265966451,2.142524002904529,-9.980166882293943,-8.574035930061429,-4.511115714730783,1.6150510106717435,-19.45217590710786
2023-02-09 05:00:00,-9.409070796680766,2.42777016045663,9.599572180161632,-1.96732696627736,2.8086115351256264,-6.99061559310527,6.247988326082942
2023-01-20 06:00:00,10.2985123019223,3.064680478977297,-2.938282359960375,0.3073443611016171,-1.3588084163933911,8.424166543560535,-2.2565266186787527
2023-01-13 21:00:00,11.239028364448622,-5.312000321116321,8.608329192660612,1.6253912846111902,-1.5186522480780391,7.767897481515062,7.2515858584178465
2023-01-30 01:00:00,15.072595275741156,1.1807394340736028,-8.159801175498657,-8.906212505658319,8.501114801441624,12.792962169019429,-7.719006965953455
2023-01-03 12:00:00,-1.961941490060403,5.674386855363567,-9.904796255084158,2.5932443361064257,-3.304622501356138,-0.0119393323199902,-6.0049015271384185
2023-02-06 20:00:00,-7.074966729607017,0.1393875871169186,-2.8706095333588166,-2.2864343663225832,1.6580480575701233,-5.311724869003951,-2.49352266985268
2023-01-25 19:00:00,-6.275501242215633,3.613957259091645,-0.6368879206881966,0.6976249367318748,2.4287281835596097,-1.240594472960847,-0.4599027020432775
2023-02-01 23:00:00,17.351594299400364,-11.244774995606791,-0.4713175190944857,-0.8695165866117212,4.582871716577891,11.31374903064474,-0.9609468911765732
2023-01-28 01:00:00,-12.10510052393113,0.5902688809863941,3.198247974774336,-3.038391470858711,8.84233400058364,-9.656287776929268,0.948742738774458
2023-01-28 02:00:00,-10.273234421075363,0.8698320803619087,5.870837284977904,-1.4508759508019171,7.236801150314678,-8.090377017908049,3.435890051037369
2023-02-06 01:00:00,15.601507439570854,-3.663134873470292,11.42121757962265,-0.7920575157236578,1.4512899630632046,11.356922527494577,8.191478206873672
2023-01-28 20:00:00,13.263080022002924,-0.6598585338183424,-10.236858182470073,-3.5198711326883405,7.483192412112911,10.572332430398914,-8.498714841691648
2023-01-13 10:00:00,-6.587829911827807,5.259933605966323,-12.279670631667685,-8.303960883838313,9.204262018694076,-3.920835012713511,-11.33003435933762
2023-01-29 17:00:00,-9.083516030207766,-8.243262022188455,-1.9198396309868613,-1.849591117939956,-3.100661617845516,-8.87998232621726,-0.669284663843575
2023-01-14 02:00:00,-12.0876812841319,-8.1413279104412,10.356392698210517,-7.850692343780548,-5.610482902342128,-11.103123999208,4.225473369620478
2023-01-13 22:00:00,4.533739825360478,-7.460528538225557,10.157058787734076,-0.2335581140949966,-3.3101825322636325,2.11445468702711,6.570892610042332
2023-01-16 01:00:00,10.556574437018364,-5.953535082202354,7.916094177745074,0.3167962972831166,7.820873521845972,6.649806004879829,5.29023557172963
2023-01-20 23:00:00,-5.260767781403219,-2.563409240211948,-4.867385969527459,2.0710706149059246,2.9605979169681014,-3.763065903710816,-2.6979040635102605
2023-01-05 14:00:00,8.572141846000726,3.5970548797779256,-5.252526379942455,0.1841013446418536,-10.237009931737306,7.530605035354985,3.893316003549262
2023-02-11 05:00:00,19.87047380133165,-1.3606601906322828,-3.995097079935756,-13.73732241902178,14.113057704668234,7.95046988303835,-6.157114484052684
2023-01-21 06:00:00,9.189526082393366,4.117794840467759,-7.905508345263326,-8.094873716137663,-4.858691549219874,8.396497209891535,-7.424434950593722
2023-01-16 03:00:00,15.516209897772407,-7.657053574031527,11.926150079759086,2.6887171135150982,4.494848873930537,10.488340792570694,9.285957335810249
2023-01-11 14:00:00,6.63421215855256,-2.914255562484933,3.3449998246772306,-2.747693538743321,-5.1397930436333095,4.190554210997807,1.6483162128010536
2023-01-11 19:00:00,-12.83244736944651,-8.068771808456027,12.254322111988198,-7.436873323317961,-4.938415724402437,-7.64899974821725,6.0979460402661205
2023-02-03 10:00:00,-10.244510702902687,-0.6387074069766219,-7.620230210221035,-6.092166358286406,-2.2050075957208395,-8.10402965971152,-6.943290225221878
2023-01-29 05:00:00,-11.158210137508952,-0.3154014644279427,6.240682012150428,-7.210269006539167,9.47991719144221,-4.154396948378771,8.728013217097889
2023-01-21 14:00:00,-9.508927806561411,-5.587763354828056,10.477020189162369,-3.649275225034996,3.569932265172133,-8.687258541132232,6.194368924277466
2023-01-28 22:00:00,15.33167747834554,1.1145019843190611,-9.171794557068887,-0.8546845737608916,10.216541977960244,12.227232899979636,-7.287784627252021
2023-01-16 17:00:00,15.850512836420789,3.258348475097694,-12.884803303022146,-5.925066255077017,-0.2685561282220896,13.211388297449885,-10.573600886155466
2023-01-22 22:00:00,-0.2485162375042304,-8.850586302440506,8.308016807008576,-9.830866395067742,8.47996439918651,-2.327089033515795,2.806629721940156
2023-02-05 05:00:00,-6.95821295577249,-11.232793858608655,3.5629380972173195,-1.4023669102140208,12.849390541060703,-7.000710833835097,1.9558795122630384
2023-01-06 17:00:00,5.077749035562885,5.346351945824392,-6.853292063361792,0.8792182349270934,-3.304560960154375,5.45335912076368,-4.407183882463329
2023-01-15 19:00:00,-13.032239122764093,1.8281503946295816,-7.2684029160541535,-8.497873350460516,9.286528018358638,-9.921657904013944,-7.68903340458521
2023-01-16 05:00:00,7.912638396423495,-7.998873863376239,12.591180449418182,2.7904173858574963,1.1388905291982936,5.228224305773796,9.51680286448508
2023-02-09 06:00:00,-10.019198117195293,-0.0437721940128574,10.45127454859759,-2.3040640071343352,1.3257352073453592,-8.889936380286436,7.049522656602901
2023-02-01 05:00:00,-3.4580677039758547,-0.3800494332938194,-9.047075611521809,-0.6685509057919172,-0.3934512698845106,-3.9441390843377766,-5.849823271315974
2023-02-09 12:00:00,16.34385579513716,-7.348982228789914,9.265988511795976,-12.178599630370371,-1.30696313922917,12.554172495475878,2.732494987051229
2023-02-04 13:00:00,-8.774979702876713,-0.4868781249562323,-7.664610123417518,-5.008472581870337,-1.0298622990620911,-6.934233963191654,-7.724652080072875
2023-01-28 08:00:00,14.907335543266507,-8.139068709452323,10.964389709241663,-2.3963036126519435,-1.499030217303349,9.999980186261068,5.886067514033779
2023-01-09 07:00:00,1.7920219081681965,-0.3254599272862204,-3.6512140812581833,-6.778554078650078,-6.787275079224491,1.1010963183867577,-4.586744480436869
2023-01-09 21:00:00,0.6608602258219594,-1.3338492617202475,0.4972603347038109,2.432748718580802,9.328573568664025,0.3941193081438371,0.3219472939742305
2023-01-18 00:00:00,0.6926669342080944,3.899552467293375,-6.066809423082512,-4.362236166597584,3.751234233771698,-0.0889812109058345,-5.241198066839894
2023-01-14 20:00:00,4.069971693816174,-1.3977512631367583,0.641527932935992,-8.295376883163819,7.601281493422786,3.44787268712818,-0.6651483227619737
2023-01-09 16:00:00,11.083238048501393,-7.254489475548699,9.801868200000246,2.436387562178203,4.176771004017327,6.903644042006096,8.171276252241226
2023-01-26 13:00:00,15.525497371377584,-3.826598287250965,-9.371671964502426,-0.2365360399917984,9.958760742328463,10.33538940310489,-6.269184369313573
2023-01-04 06:00:00,-13.494760016152997,-1.0477623072733613,8.497440635211698,2.690137569322089,-1.2783550103891497,-11.314742393807393,7.662675853536461
2023-01-02 05:00:00,13.106690312896331,4.419775678807785,-1.8647851338336947,-5.8024688831238125,-6.851450012071648,11.070508976766352,-4.598099672432094
2023-01-23 07:00:00,-5.493002289115516,0.4056534662635077,-11.148794013244263,-0.2505949215422879,6.1649538872495935,-3.7433052607930177,-6.75749180499894
2023-01-29 23:00:00,8.36078172818402,-0.4900119766262441,-9.944430484212509,-5.0004293075490365,4.583480154187673,7.054756676931606,-7.828863224371568
2023-01-24 05:00:00,14.09767446047188,-6.9677240397813085,-3.063474149465097,1.5032458697389357,8.128763702649326,10.418871704931142,-5.850869137766501
2023-02-04 20:00:00,15.711934125820138,3.1728518723227195,8.840191563111397,-13.098725722749055,1.1898287957986604,15.914777906870944,-1.4075278876427877
2023-01-25 20:00:00,-0.2276938683469756,1.4468410051002596,2.9496983888618966,0.2400415787967379,1.34766923536589,2.6765282573816025,2.492947441405976
2023-01-07 21:00:00,4.303627323006295,6.900367255171352,-10.232006085616984,-4.975526500303044,-1.227304869974188,5.191492129299099,-9.287047244653492
2023-02-08 06:00:00,9.28827588046133,-3.3389349130397545,11.730802252932907,-5.828867960266675,-2.1658529333431704,4.1982821123361065,7.406878293656733
2023-01-21 15:00:00,-13.234824097175713,-6.075617025065679,11.084126387609476,-1.790974850659533,5.389836097221187,-11.760089156438038,6.8907209347970015
2023-02-04 08:00:00,14.14444147225251,-8.285336620446632,-8.31424660816269,-1.5281975932009009,5.858430472999397,9.302965181966147,-6.48014650160576
2023-01-03 17:00:00,-8.995930319676816,0.5427903559502947,-7.766542837720665,-5.982330111468791,4.337842887012949,-7.262481862874124,-7.507366627120863
2023-01-06 21:00:00,11.454269382245212,4.744970070389883,-11.77677668402946,-5.8239101013834444,-6.422905780648001,9.427406188017608,-9.85506235351532
2023-02-08 13:00:00,-3.2487273818339046,-10.524825843182898,0.3336410693668794,-4.843958589582562,6.13765257070012,-5.418886497444309,-1.285844546752512
2023-02-04 11:00:00,0.3007864045704533,-3.4808927862980243,-9.253997063995063,-1.708994692883822,0.5293711533629291,0.1710699929135533,-7.400246255219648
2023-01-28 07:00:00,15.306205838968737,-6.707845244615496,12.44591958317698,-1.3786518788300086,-0.8362355726120786,10.70361272103351,8.20982984531285
2023-01-14 19:00:00,-0.818643578911059,1.303760644974894,-2.719689165904107,-6.710300412939495,8.437872822625671,-0.5768617743009237,-4.518928052185516
2023-01-28 16:00:00,-9.098553790823466,-6.4812134134080095,-5.765264040151742,-11.050366666290778,0.64934594851021,-8.459934297888331,-7.950195173159504
2023-01-11 09:00:00,8.361442505701397,3.490664188418351,-8.54854304713597,3.586266261624579,2.476600130581513,7.906030351638446,-4.648326209834695
2023-02-07 19:00:00,14.86015192688327,-4.405602123494095,-8.636917236668323,-7.862176682619103,10.83251707934094,10.696923310113888,-8.744194959341947
2023-01-30 12:00:00,0.7779023318097882,-7.945702806394488,10.859187308790816,-2.414565751105443,6.761824197680586,0.9092671275980272,7.299023244816499
2023-01-13 17:00:00,9.798918217696938,-0.2155453488923996,-0.1056033305899866,2.1249866315807013,4.991465144068987,8.428132586427179,0.1132602574654044
2023-01-31 14:00:00,-5.994461626073598,-1.970444100002477,11.497900697277268,-5.118923317879878,10.774233882047737,-5.922881164481718,6.906850270946929
2023-02-10 15:00:00,13.901742943536613,-8.929723365634773,7.790991601593255,-7.646299941816306,-1.7206932065087983,8.838446912530895,2.3044623166221525
2023-01-03 01:00:00,-13.809925714763796,-2.922929261881386,11.440722082418132,-4.676991014936979,-0.7796149733421734,-12.015322054387712,7.257417529042239
2023-02-07 08:00:00,4.1189176269943255,-9.859056551388932,7.821152005277428,-11.495272442676583,5.564539672534572,1.5434382689286874,3.617949930449682
2023-01-01 02:00:00,9.388689451058015,4.691572893619249,-1.154608144567975,2.209796485828001,-4.365761683908139,8.837637632042377,0.0051795195718145
2023-01-23 16:00:00,15.353705041023844,-0.4983363718932461,3.3540186311820825,-8.75785654954983,-4.2631164748992365,12.50329674439736,0.2007465287242312
2023-01-15 14:00:00,12.267909543110106,3.5243914415790574,-10.554631339368347,-3.427938654788601,2.0919479296455963,11.3177441809581,-7.974119655688832
2023-02-07 16:00:00,8.833103396972056,-8.989351777676802,-10.070364186721948,-2.4201408030751166,13.245234377136734,5.277673777614333,-8.189434097444648
2023-01-23 08:00:00,-11.951065674694076,2.128461890922461,-9.434163071433844,0.875077796333333,4.465447096290561,-8.672394585418177,-5.793273971654945
2023-01-15 08:00:00,-7.290383889973573,-4.435517928829302,2.421780946740155,2.576291732913444,-5.666245829376699,-6.557439297685841,2.4918904557120563
2023-02-11 10:00:00,2.049778673188241,1.3413003429823562,8.335970862734936,-7.726646730058301,10.9139034904042,1.779562602533237,3.394029072023879
2023-01-21 01:00:00,-13.278591771219816,0.2990440434799816,-10.75436025219358,1.0072894710323217,0.4612811677641056,-9.989670396937123,-7.316707819166365
2023-01-24 23:00:00,5.690911089819494,-2.78023636768996,12.520309071989464,-1.0259041830338993,-2.818610176770639,3.392040846612266,9.53761809894101
2023-01-02 09:00:00,-7.059794988278924,6.7017846937100085,-10.792809885309527,-0.432348931309777,-1.306876812959472,-5.3409697960430025,-7.298286812189117
2023-01-02 07:00:00,4.849798533276984,6.325547567277231,-5.69651248039902,-2.627712761258626,-4.003462455100944,6.010094781666216,-5.042173787687437
2023-01-10 15:00:00,-12.757053855799892,-7.156457310710843,11.493755196453494,3.185186179059903,-4.295757046883001,-12.342162411000636,9.087202154638014
2023-02-10 03:00:00,16.52153001823012,-0.5550532262936373,-3.3192092476120467,-5.429930514554996,12.992487899636744,12.79385966712393,-3.4256294687667213
2023-01-09 00:00:00,-2.76322906830722,4.460661967186461,-11.242667918684877,3.787453109652946,1.69386156875939,1.8251572195615688,-6.4034796756730215
2023-01-14 21:00:00,8.543412475451724,-2.031080131319782,3.8661948563318354,-10.728351877984869,5.862072132789873,5.387652248071592,-0.0676235622272303
2023-01-01 03:00:00,3.399024287710229,6.016120557864123,-2.5951420684448494,0.2390542481641654,-3.5345929859335574,3.7629478701082735,-1.7956531478001516
2023-01-09 12:00:00,-9.753974745823353,-5.535054502476913,10.417979771020368,-4.082209830100765,-2.3138360110458875,-9.127736157384492,5.655111501060695
2023-01-22 10:00:00,7.12980077082256,3.6919263462678487,-5.438002445974359,-2.7624056292309667,-4.306957135167763,6.803821013498345,-5.539076251076448
2023-02-03 07:00:00,-0.0012698573564463,-4.840952122398822,-9.783010800012368,-11.46930591730221,-0.3097628385001801,-0.4307642092174066,-9.983531905296385
2023-01-13 18:00:00,5.327966439272663,-2.0051241602029584,2.0974012818906664,3.6451991330755953,2.816047107063432,10.3536906030222,2.893516016757772
2023-01-05 13:00:00,4.68504261468224,-1.903482308333841,-2.273823428347073,-1.391761994560929,-4.638107166934309,4.219021975955695,-1.1209041886709676
2023-01-18 22:00:00,7.467249882595666,4.449923381684645,-11.607842590959912,-8.84842438387917,-4.61173424942529,6.982816048513714,-9.790228020935592
2023-01-04 05:00:00,-11.909720274797577,-2.221890654562064,9.609415155920004,4.9024759166502765,0.5194722928103392,-9.94998880370748,8.34207402139201
2023-01-04 12:00:00,14.19363489447863,4.002390017352447,-5.447846951104191,-6.508972712698166,-7.428773818815037,12.547808429889216,-5.880525290265627
2023-01-12 22:00:00,-12.223623200214051,-6.272169776737418,11.53971489900851,3.8456712201653582,-5.620321075530891,-11.273493316644071,9.10716528551504
2023-01-04 10:00:00,9.290985417110912,3.2693991985294093,-1.308878445348946,-3.884624114223914,-6.518544786096611,8.461201527859263,-1.2289343712044705
2023-02-11 07:00:00,19.41094009267804,0.1469063029886303,2.297871474768609,-13.385772106218468,13.772301336457868,12.22748106373276,-2.8427077772802343
2023-02-02 21:00:00,-9.379745042433967,-7.841192228950766,6.103416470284282,-1.5876381248760372,12.354220219077252,-6.034898954295516,14.186633634812274
2023-02-07 06:00:00,15.535602386336574,-7.119364638315696,10.35172882694699,-12.216303109770148,2.3697477075692754,11.283256736749111,4.179068754689762
2023-01-17 14:00:00,-12.227984902153262,-3.683230008798577,0.2099840388694991,-2.104988120704327,-4.476955100982182,-10.07564083208978,-0.9898223388941572
2023-01-14 11:00:00,8.756286459623942,3.313259638559272,-9.25910516573844,-2.292986976597655,4.980046044611661,3.975956185568746,-5.774443675476618
2023-01-22 15:00:00,6.474845530425157,-3.443336711400302,7.68174493480644,1.680166284921633,-1.966352522172864,4.504612248870384,5.93440264920496
2023-02-08 04:00:00,-2.981655330032215,0.7895719126174863,10.320863796031803,-13.634069220517604,-5.436260120404566,-5.026211940671187,4.461290631574797
2023-02-08 10:00:00,13.39442659852707,-9.433785036317987,8.758251880618333,-2.259286339049732,1.2642042557598476,8.872009619614975,5.903423017941999
2023-01-01 05:00:00,-5.88356658800741,6.44578077479251,-6.945431835002483,-2.470947743874244,-0.0479035578288224,-3.184377931785418,-5.0360239991183375
2023-01-31 11:00:00,-8.520328886407842,1.862527332460836,13.050215536164062,-1.3432136715651004,11.833009139957165,-7.050767544735995,6.388930959542645
2023-01-20 09:00:00,-4.360257571235386,-0.2276980540668399,3.776065302266029,-4.731717838990619,2.5901779065051453,-3.1696003496127707,1.9021618311238704
2023-01-05 01:00:00,11.53534701157955,-6.26793588285459,7.353235616747518,4.357954019601142,7.434458875253976,7.773901066563309,5.555475879385047
2023-01-12 02:00:00,13.467143348573206,-1.3772403185377795,-0.0678134327377726,1.840970259678815,5.188134186223918,10.756389779162747,0.0045546701211011
2023-01-15 21:00:00,-10.44765328101226,1.374538757772657,-3.3266221671044027,-7.569279914614393,10.074338733240262,-8.387511079303707,-4.586862544276404
2023-02-06 04:00:00,3.783597090512744,-7.420033575420163,11.229570004010714,-7.096730159344631,6.698581074234407,1.3185378034011994,4.9623775990936885
2023-02-03 06:00:00,5.610924521276958,-5.466900145829511,-8.723868461848067,-12.563682292108512,0.5457433972769078,4.1375304253393015,-9.239804008034817
2023-01-16 20:00:00,2.2548166698197805,3.213473772787541,-9.177885757037776,-0.0422509310680375,4.143376583443745,2.378348821779237,-6.199103390019013
2023-01-27 07:00:00,3.9802160584000057,-9.748005896162365,9.76821196378643,-1.211382137128098,-3.5606961947546334,1.055534723254316,6.8093601206943255
2023-01-16 21:00:00,-2.26666578761422,3.848821078619937,-8.605662568058266,1.09251908948959,5.927505128306218,-0.9828259369973256,-10.350945874988687
2023-01-21 10:00:00,14.00303104574899,2.1202002949042584,0.5741975050505758,-9.788133300388424,-2.397780333377109,10.482852744102171,-2.6847788740901115
2023-01-05 22:00:00,-14.705874840388496,0.3458011793830248,-6.378338583574485,0.8298618652089156,-2.473396675416376,-10.248608438970765,-4.077924689901898
2023-02-07 12:00:00,-10.121352360531317,-10.92164710168971,-2.184989818455548,-3.4476900836935425,11.241161111352271,-10.035517780684415,-3.073013768764956
2023-01-11 10:00:00,10.725305044281182,1.2213156901574589,-6.440794633512446,3.2195861654701563,0.2172872563615586,8.709525138426885,-3.0604143325991338
2023-01-22 19:00:00,-10.94468435478033,-8.468328951746656,12.401438154633777,-4.024914780286095,4.282531362900869,-11.851515301471292,6.868036177609471
2023-01-01 09:00:00,-9.795633347867264,4.48210998409844,-11.0171281786421,-6.967931283545156,5.923895301061823,-6.881790954701182,-9.733120313280397
2023-01-09 04:00:00,10.538468132699077,2.698147108717565,-8.131476561970132,-2.328761327475834,-4.703579540382069,11.871992854007791,-6.4560069341691495
2023-01-26 03:00:00,3.33929511569129,-9.368839739323484,9.908846196734732,-10.57959572699485,-3.914266678906425,0.684768776615073,2.97661343194034
2023-01-04 09:00:00,3.1599199666926627,2.589401012587901,1.912139348099465,-2.1534145142520216,-5.614794769562785,3.294293291901861,0.5856518256569606
2023-02-02 15:00:00,11.869873743681636,-0.4161143324116486,8.863086791312758,-5.594359984333164,8.008013141895013,9.630419893180273,4.798160163774155
2023-01-25 11:00:00,13.054960295231211,-1.078911008845467,-10.672061896208277,-9.97005048163288,10.982799751898934,9.82418770786462,-11.463623000429529
2023-02-03 05:00:00,11.312482118346722,-8.985313632271357,-12.526752522485456,-13.111252834623032,2.6792826105873293,7.040919608221303,-10.295569704116726
2023-01-10 23:00:00,10.747474310012215,1.2073605482202123,4.910675171136264,-9.774478209998572,7.270481971748898,8.191556427971157,-1.1864219972433283
2023-01-13 02:00:00,2.8591962368980903,-4.980382488393073,5.449584585350324,-2.9690267962536323,-7.673981768542983,6.1183375234577895,3.9440261719407785
2023-01-09 19:00:00,12.129240698671062,-3.838113022253802,5.566348760266843,4.254124621666332,8.082913067463144,9.274034747753715,4.5239585635053565
2023-01-30 21:00:00,-10.167212081858336,-7.228395280402168,-7.2852526402237405,-9.866183494332605,-3.9080049159718353,-10.278866496667217,-8.196520982116699
2023-01-15 23:00:00,-0.9747109609458612,-2.0893887253795804,2.3958057548007377,-4.187328792070736,9.073191278196466,-0.5682861337281897,1.4719381381589665
2023-01-19 17:00:00,4.74744244859912,-7.447106901671297,3.960578081746856,-9.184013684322222,5.37440659129682,2.162068179423472,0.8551595434861672
2023-01-10 11:00:00,-0.4871045168829728,-2.663985438184388,2.61144099463998,2.9168809504735203,-6.310577428048831,-0.7418983120012731,2.574459583993202
2023-02-09 14:00:00,14.337491720915915,-8.884251004883197,3.8393966063788487,-14.047023569510728,0.4594498963097638,9.336239226051587,-2.212094044930704
2023-02-09 10:00:00,11.249376752141629,-6.003899889259075,12.930892763094851,-8.488208369422624,-1.8916429494141471,7.606023948435462,6.2086455966390215
2023-02-03 04:00:00,15.588812050698804,-9.111799204179125,-9.69411631259148,-12.568080394443252,4.706966875773023,10.257985418192686,-8.012556639590086
2023-01-21 21:00:00,6.408354264937392,-9.754807687765146,6.344584018689755,2.9944560564740974,10.844118117625264,7.286966612481253,3.850228387973616
2023-01-20 08:00:00,1.7025503896608485,0.990482368564723,2.6094283846028867,-2.212639693287928,0.8816391013220304,2.243844875928797,1.0446437038469445
2023-01-16 02:00:00,14.078170742667094,-5.385492333398989,9.16889311697324,2.579696148415731,5.606663223922154,10.069182794039762,6.274628563243061
2023-01-20 12:00:00,-12.21210170152137,-6.166279008935407,10.556748072625048,-8.584888228117775,9.934155111757544,-11.109064560917862,5.383305742382724
2023-02-08 23:00:00,15.666079452676756,-1.9144254860989176,-7.036493622495285,-10.56540914932834,11.787799723471483,11.22507750992692,-8.53812002157968
2023-01-18 20:00:00,-4.563623993733271,0.1854512000139394,-8.72800383853595,-6.340768198503348,-5.284498377760476,-2.820117299421374,-8.160701225229475
2023-01-01 07:00:00,-12.845683518396765,6.433428474901965,-9.736974887586388,-5.476000717012734,2.8386322409538067,-8.491650960789507,-8.735063082249438
2023-01-07 11:00:00,11.637165396722803,-6.883629171040017,12.443721714190923,3.291010240768733,8.476700645217816,6.867825754254567,8.832166771863603
2023-01-23 13:00:00,4.736907526040467,2.7434697619160096,-3.1599406210510166,-3.855782408500792,-2.7832163429656616,5.672427253475728,-2.8211354463298965
2023-01-19 08:00:00,-11.33727614393056,-3.122975216523616,7.753959573209292,2.355040131263628,8.79958141970936,-9.803481336727922,6.014139029092523
2023-01-21 02:00:00,-12.828968118690344,1.1141072018873068,-9.991527496178364,0.5465790575554142,-1.5782569831517526,-9.771079453956164,-5.304849943387222
2023-01-18 14:00:00,1.6828651787555244,-8.101798809114527,5.261173440132192,2.3131739842424257,6.46262813649283,0.1259983456531396,4.715475759753261
2023-02-02 10:00:00,4.763133995604841,1.348144089697223,-0.5050151766984357,-13.376597623924788,0.2099162985317461,4.324549067749003,-6.313465219687274
2023-02-09 13:00:00,17.400870394109692,-8.46746700523126,7.877786474444273,-13.97018805258006,-0.4476936664938243,12.031039951038217,1.927704394064036
2023-01-14 22:00:00,13.730139586043377,-4.242100397029265,6.238076459928409,-11.224105725512976,4.741899936050618,10.32717787560566,1.3154128601125152
2023-01-25 00:00:00,-0.3079864176272737,-4.823317849600567,12.158413949203323,-1.1853195182684244,-2.716127201260208,-1.3631705111451815,8.565505205188932
2023-02-08 22:00:00,16.043790371170665,-3.849614403597839,-8.58276515331412,-12.339040163338456,12.881835128871314,11.38064620168182,-9.99661379479418
2023-01-24 15:00:00,-5.7116658511524445,2.488343101458187,-4.0390092231635695,-10.329055947835103,0.9698504191705573,-3.584898433066691,-5.985425699597314
2023-01-25 18:00:00,-9.906123295391785,-1.570679658673467,-2.196900688074339,0.5312985662916694,4.415393545049128,-5.07929054094125,-0.2400823404338288
2023-01-23 02:00:00,16.133161416112383,-5.557968050390927,-0.6997785036256771,-9.250224482246534,11.292035314826451,11.822746714200678,-3.187455808718104
2023-01-25 05:00:00,-5.699418693195451,-9.423254493337549,2.896234818005444,-6.804397013076641,5.477367207105671,-6.390459265590037,0.1539454997177996
2023-01-30 11:00:00,-4.833693868830434,-4.027518644368917,5.379201311823822,-2.778606065873129,8.121659016558958,-3.995462344615522,23.259348092742005
2023-01-19 16:00:00,11.519904515256815,-7.3761628149882945,7.600531136434213,-8.01491915091066,6.9872116266376265,7.23340116268745,2.57536820089767
2023-01-19 21:00:00,-12.48125519049814,-1.039565416300227,-6.391099598043439,-8.657435263607283,-1.2869448431216957,-10.053231116575288,-7.090505163193097
2023-01-10 12:00:00,-5.7266517006616295,-4.324946745084239,3.711279122867337,3.407221668004833,-10.09125609453706,-9.568307195427243,3.062988839053048
2023-01-15 16:00:00,3.0752097642090472,4.229526278148772,-11.0658906646307,-6.560677840683721,5.25091406828656,3.150185395872861,-9.960983492034297
2023-01-31 08:00:00,8.225588403899868,5.782742790067116,5.773545778424369,-0.3638043640161942,10.895836954184512,6.709109760124705,2.0457667870759284
2023-01-09 20:00:00,5.487989671915786,-0.510596500418224,4.541718525964794,4.302463256011732,8.781881380630042,4.116717035173132,4.826759889314775
2023-01-04 07:00:00,-7.857568267420862,-0.8850483341832929,6.536634948226005,1.1470573074815285,-3.027846489485944,-6.278310232219957,4.83918292597285
2023-01-07 04:00:00,-12.28337635932563,-4.053681423786054,0.3226692512041926,-0.9505953377961048,-0.3097586425580172,-10.803119184891724,0.5385408886022793
2023-01-13 14:00:00,-7.703886038452411,2.621044271204777,-7.40881444856905,-1.6302010003224323,8.381955447476104,-5.679245025811314,-5.801587511430174
2023-01-27 04:00:00,15.730442675153215,-5.859538929489243,11.481679053471552,-5.487810869961741,-3.437916756986884,11.581428253115645,6.68154469178042
2023-02-02 09:00:00,-0.3205863710904493,2.2897371091582994,-2.8686360191636666,-12.083524406684804,-1.1371293788662784,-0.1355775749767919,-8.12585597957035
2023-01-22 02:00:00,-0.6273275659904343,-2.2879576022027,-7.141494398226066,-6.363325093835003,6.384159763836779,-1.1522933413787626,-7.795570642202996
2023-01-15 06:00:00,-11.184607829564609,-6.758307069602321,7.979945026882296,-0.0297688185946067,-5.592719125497841,-10.106316058147112,5.596882408533771
2023-01-21 05:00:00,4.832846385382013,3.022826405962991,-9.72753814414062,-5.030165421049054,-4.005813040072471,4.996791235743024,-7.588888916082449
2023-01-30 15:00:00,13.979399440390544,-9.179095202313778,8.393995747838526,0.1168365650740186,1.6016098212711445,11.221728858548865,5.330163457505784
2023-01-06 13:00:00,-13.75173499007443,0.1758833429031013,2.399870774601122,5.118821687930315,2.885743958876403,-11.345772734291812,3.404378678846239
2023-01-30 07:00:00,-9.879505447568183,0.4129295640257491,5.8949514860026735,-10.883630325047683,12.50331596897082,-8.070759257913164,0.7407585201968855
2023-01-13 23:00:00,-2.0167750230896324,-8.662474244423763,12.174399552663097,-1.961206649260746,-3.904731563330037,-2.987361782036005,8.64997191777472
2023-01-31 02:00:00,2.811754038225349,-0.4136615110416595,-10.140519050970804,-10.580442186405795,2.084832237153334,1.6220202863055788,-9.651091996634904
2023-01-27 05:00:00,13.121476369029004,-7.5308517421574575,12.090046067529263,-4.634438203485495,-3.517550656834133,9.65447533124576,7.408469562085394
2023-01-01 00:00:00,13.904966571113102,0.677090957433793,5.182456860073359,6.251896868368105,-7.098821512668695,11.76216871792875,6.40788575068203
2023-01-14 04:00:00,-7.369918513401187,-6.122239199822991,6.919437549530347,-8.678414193944395,-4.984082858308836,-7.222250578561398,3.57986216246585
2023-01-30 10:00:00,-8.938913075720883,-2.4952288347187146,12.04602861532522,-5.1348318131788,9.9193266263804,-7.895723615794393,6.892579458587498
2023-01-23 19:00:00,6.017654054327831,-4.460266985917737,10.818102575213478,-10.213942470489489,-2.6483606014474166,3.836757153531826,4.96916614140404
2023-02-06 08:00:00,-9.300963620909654,-10.20163748597106,1.2804825912706304,-13.485342909539582,11.806281556019366,-10.191656734935238,-2.985756371137173
2023-01-23 04:00:00,10.811140606803471,-3.537919672824892,-6.230842909058854,-4.745819849609387,9.732651250857806,7.980440711741656,-5.547545223189416
2023-01-20 21:00:00,7.788159057551897,-5.217530110053101,-0.2239077937592387,-0.3063531302019046,6.273951859081599,5.408262816797767,-0.9471054679132612
2023-01-17 20:00:00,14.116249137547454,2.656550781776521,-10.666635879215004,1.633585693304438,-2.7953628331111817,11.643486906217202,-5.934884892449976
2023-01-08 04:00:00,-3.084205889566072,0.0666398081957039,-3.651009437479335,4.430846765857527,-6.288193446903131,-2.9813493373576816,-1.7045059701254748
2023-01-06 05:00:00,12.908242789979518,-7.48448837947643,10.280539108298395,-7.042464788985344,7.463157450270256,9.330362460613296,5.555677351513585
2023-01-17 10:00:00,1.677708435492673,-7.936183271634055,9.09275296076836,-9.728504866766716,1.3631495040466128,-0.2389428384253151,4.639498720434519
2023-01-18 12:00:00,10.539171344383949,-9.059990367365163,10.721587705657065,2.2438787154965025,9.469086777709682,7.217921866454759,8.023809905169587
2023-01-24 00:00:00,-10.576815777071715,-8.21265766581618,9.0685367831911,-2.818377254242959,5.099932206079614,-10.54062119162309,5.0153816622960745
2023-02-07 15:00:00,3.076029659052954,-9.14559710686333,-8.984657482454704,-1.2497972510986537,13.536938226410344,1.026768628857859,-6.712947456451923
2023-01-04 18:00:00,-11.760113082763494,0.339775925335934,-10.448366134742251,-2.021950022830542,-1.545354408223372,-9.577262751201022,-7.725279031755893
2023-02-09 03:00:00,-3.729449438095291,1.4860572096018063,3.713307526944544,-2.6343487983169025,6.356968854652396,-2.473007916289264,2.154306470045544
2023-01-08 13:00:00,14.13214835596719,-6.249915588631954,10.682354630893826,-7.1926693922455325,6.319872837976947,9.685049968576935,5.493787643749889
2023-01-12 10:00:00,-7.600602804193674,4.475722998725895,-10.103540351610327,-5.360478580436508,7.933710599477756,-5.780811063737222,-8.51847043448693
2023-02-07 07:00:00,9.71358043025243,-6.383355410415767,9.259190399265057,-12.180070718715708,3.399230353200793,6.670209414748631,3.372811865870596
2023-01-03 21:00:00,10.46871985633448,-5.1122227743494895,1.5660953901038748,-4.679719001202638,8.331239290274121,7.191166997922523,-0.8570135727789169
2023-01-13 03:00:00,9.48817584578439,-5.083627389218531,3.932100943069496,-3.645706652524394,-0.1650777969612286,7.03287757020693,3.3363945070010232
2023-01-06 11:00:00,-9.043927975807444,-2.1622713946165564,8.605450593529113,3.220807575208059,6.159225239050072,-7.11688489631233,7.420809564571059
2023-01-13 12:00:00,-13.005996247302871,3.831279274609454,-10.803424588228475,-5.298058635260059,9.481685797928344,-10.135736596403223,-9.09416943922356
2023-01-18 16:00:00,-7.839070395099913,-5.560993740915109,0.1964325741203574,1.5873270346702335,2.955404273198755,-7.80264369212797,0.0300139346190905
2023-01-14 14:00:00,-8.65011034334189,4.211829694092434,-11.356774968052983,1.7398365020651188,9.085458712873526,-5.77672009057753,-7.659605908046485
2023-01-07 00:00:00,-3.498765213692383,1.9828443214967464,-6.869301669616291,-6.830372198265734,-5.621464619393588,-1.9606329287500093,-6.272421357481153
2023-01-18 15:00:00,-3.837195365457629,-5.252843356906833,2.893187531518012,1.16698656471499,4.75101105560826,-4.280360391784432,8.484393318477714
2023-01-25 04:00:00,-9.204113111054026,-9.4033496218576,5.5982737087811305,-4.854413188863792,3.507321405865414,-9.504735454980976,2.3047353280584533
2023-01-06 15:00:00,-6.468828431976716,3.053472831224473,-1.935262140891019,3.49552495458594,-0.2021613884117253,-4.961817186108525,-0.2303949878026123
2023-01-19 18:00:00,-0.4572485435331537,-5.915314865541914,0.5014131692874892,-10.220734961812031,3.7256095438400623,-1.2077717262403418,-2.008111162949409
2023-01-07 20:00:00,0.3248218184718715,5.061432593351697,-7.449449520874679,-7.047536853805265,-0.2813523890720882,1.74050342235036,-7.336061091147325
2023-01-02 04:00:00,12.044621930435005,3.168277855238236,1.4001370674620874,-6.148266497794173,-7.204977834568073,9.773121872321314,-0.8733135811825763
2023-02-02 05:00:00,-8.412488811529155,-4.105117319203278,-10.920008427374992,-7.320495851729696,-2.8375791126469885,-6.367367560977916,-9.74255254980666
2023-01-09 01:00:00,2.085577721286564,4.692436301584136,-10.49231656386372,3.830061741649152,-0.9297415867270822,5.02013048636218,-6.416421688310713
2023-01-17 04:00:00,4.081976221157191,-5.137982014108494,8.752948152834895,-3.2086514595567923,9.276320593733908,2.9188298986618144,5.583402163095745
2023-02-05 12:00:00,13.665436036230371,-6.139340892798101,-9.13493892792708,-12.04458698014148,7.404551672142203,8.902570597823903,-10.409769424813302
2023-01-08 01:00:00,11.267326319094265,3.6775038413015935,-9.080921510325595,1.357151173535832,-6.088487737358872,9.59409143852139,-2.70326692681288
2023-01-30 09:00:00,-9.495304186211342,-2.943637093734202,10.669954249656268,-6.89390058984154,11.012415633698833,-8.64442423096429,6.288575153789936
2023-01-06 20:00:00,20.1649062785298,7.203704743190045,-11.706443775781636,-4.705821591879484,-5.694269593605322,12.287008055426544,-9.517441314715782
2023-01-08 05:00:00,-9.766109582708102,-2.778098352522057,-1.0213264962383182,3.541238285586644,-5.257442136658006,-8.95285593744993,-0.3037477091468022
2023-01-01 06:00:00,-11.67327494848997,5.85033278795539,-8.493672464535848,-3.992750390276642,1.962319117687528,-8.414778502526616,-7.015294895783519
2023-02-01 01:00:00,-9.648328258112564,-5.66230461961453,-8.733011928933301,-4.0518495097512,-2.937316441890576,-9.202189946057182,-7.348999811102814
2023-01-20 22:00:00,1.165725976842253,-4.856859538313078,-2.98944039837163,2.0584571421601847,4.683288402253697,-1.1559377673165632,-0.926028193783053
2023-01-04 01:00:00,2.255256975986666,-6.36543304417559,10.580239825161744,3.0697843884422533,6.2674756492706845,0.9785980161083322,8.009504553208528
2023-02-07 22:00:00,3.4025698190000893,-0.2934179217924867,-4.303819916293349,-12.705893431496666,6.421560316763942,2.7712088651044,-6.873522678200768
2023-02-03 21:00:00,-2.289899620950561,-5.016594856577381,11.655587679129267,-9.668350381023275,10.120991732256725,-3.4380781818303685,5.209170072740342
2023-01-10 22:00:00,13.129240088944666,0.296514869842194,7.737455393354015,-7.570056114631414,6.762511759797899,9.676971648455684,0.3332772143647429
2023-01-07 01:00:00,-9.384828946349383,-0.1461248653068113,-5.55951917103715,-6.55103771596041,-4.698548672417073,-7.28025432061351,-6.85048488140398
2023-02-03 00:00:00,4.989005014179111,-9.970569892858697,0.9281174841999018,-7.498456332913544,9.56413895238886,4.794720779599233,1.6149981210752058
2023-01-10 18:00:00,1.733514271468687,-8.100355249494777,10.498282878931535,-1.5158036597916424,-0.3388476944928971,-0.5267957628240509,6.48080411468738
2023-01-10 04:00:00,0.9433762164047808,0.3858780192398701,-4.726340441754693,-7.744304256698531,2.250934086872701,2.1846554483423586,-10.334656777889435
2023-02-08 11:00:00,9.770145953890593,-10.436922342163331,5.872603394140246,-3.4005531056849256,2.014945572501163,6.6123404356335245,2.958917054956936
2023-01-21 20:00:00,9.13435835673464,-8.901723052833443,8.104694376011363,0.4850848673916207,10.98524972699322,5.416838290741461,5.495046261004788
2023-01-06 12:00:00,-10.7785333030103,-2.9915157201611047,5.09235392328168,3.538759869737933,3.9406532521598256,-10.229340155839218,4.569858393104586
2023-02-11 06:00:00,21.08949573302764,0.6399083756564787,-0.9704445630642036,-14.138610955253691,14.284249793469757,13.527837169757028,-5.830801104668349
2023-02-02 06:00:00,-11.272205396176195,-0.9768025335669565,-9.787615225498469,-9.134595810626578,-3.4795456566203984,-9.58521776264511,-9.992542682801696
2023-01-08 17:00:00,0.6603553149279291,-0.8492230027840955,4.457336573220618,-3.863398147875888,8.779498244823209,-0.0906770534856149,2.224037626237145
2023-01-02 17:00:00,10.734761035677124,-1.329068381047317,-2.115170280283288,1.294942140395415,7.656524364719583,8.96374861826746,-1.5208854348477692
2023-01-30 00:00:00,13.138856254548914,1.0709701663129705,-8.5905529010506,-6.700544259679771,6.259658142588183,9.82769990356875,-8.177399752297484
2023-01-05 12:00:00,0.2838714951006329,1.818747936412166,-1.2201512999948418,-4.075102099332862,-2.656474964009817,0.0854576973582574,-1.81630491381987
2023-01-25 12:00:00,9.42621502884376,-0.0464469397662994,-9.956878858564345,-8.195802255481517,11.524657288758396,7.959521224268895,-9.802824165531035
2023-01-03 08:00:00,14.186293847415069,4.10687367718597,-2.732293213650816,5.0065101215190495,-7.0248215265791,12.791647855386575,-0.2606590414546352
2023-01-17 21:00:00,14.264166079311948,3.173449451278975,-10.25547490867156,0.98774237872402,-1.3606385052326126,11.328063996986712,-7.450989165599316
2023-01-19 10:00:00,-3.936275744240524,-6.3771605576063175,10.213264228107738,1.0306118407497769,10.481552596156428,-4.485620682573966,7.887678233532072
2023-02-01 13:00:00,1.0600290613947505,-1.145895931309464,7.438871418651109,-11.870607655753954,11.627017652792698,0.6815896477388723,2.691752955522245
2023-02-11 13:00:00,-9.104201548327456,-1.5959932626001587,12.058491969000244,-3.719538822472906,6.056150921106487,-17.402486428979618,15.047572133170709
2023-01-02 00:00:00,-5.611613906210558,-2.90645994794332,11.117107875193856,-2.7520173613800183,-6.974245150916303,-5.566670222158058,7.128630513221084
2023-01-20 11:00:00,-11.494510305158109,-5.288459430071208,10.485286501998008,-7.41937005363957,8.465056843838276,-9.754665143067252,5.233399808510227
2023-01-23 11:00:00,-7.218968718289779,2.9054931786471663,-8.512495431916049,-0.5839246056896823,-0.4255171178383417,-5.10595122786061,-6.463650086086508
2023-01-23 03:00:00,13.427642169234042,-5.7819549027167,-2.947100079006109,-7.940726278819112,10.38190815690224,10.431960577908288,-4.620127966226775
2023-01-26 18:00:00,-1.8597681710424792,2.0836052737798827,-6.830455720785544,-2.859901416642844,10.747644217004584,-1.2787058857094018,-5.924283644116833
2023-01-29 22:00:00,1.5159008074192355,-2.2218824219808244,-11.150890652033768,-2.740982404441433,3.3559195570432663,1.1977844254754142,-8.73000257242523
2023-02-08 14:00:00,-6.5907609918913455,-11.268754880165664,-1.2980827431843691,-7.383486717367017,7.435485541251563,-6.312876523378499,-3.8220269831881577
2023-01-15 02:00:00,4.345670736806158,-8.92320594603906,11.791565949041509,-6.929184240978195,-2.112984798704192,1.9470157743094367,6.4128116310467735
2023-01-03 03:00:00,-10.605547306480712,-3.1335880393745947,9.510584683990292,-2.3833609258887165,-4.407424777834074,-10.379728543175522,5.67465804709989
2023-01-22 03:00:00,-6.217157824589082,0.3468109852148171,-8.151080789241503,-9.95815960433034,4.406864393511413,-4.802057554827701,-9.392199786244904
2023-01-22 12:00:00,14.717785539066714,1.5455774893404095,-0.2856070808448161,0.5895517351081547,-4.156066748847653,11.3963287258005,0.3430263339363662
2023-02-08 08:00:00,15.359272022427952,-5.30204299269337,12.305738953484967,-2.435336607909567,-0.7766681119423312,10.542256916639142,8.53439875447504
2023-02-02 13:00:00,15.291624975148432,0.9324339584150064,6.833023807584868,-10.146949041866222,4.715695827569794,11.912494821730595,-1.0644486483355986
2023-01-12 00:00:00,12.014102032675938,-4.622864541872627,5.512114076842678,0.0252843985384875,2.478007324275328,8.411607968041123,4.237325375771655
2023-02-04 01:00:00,-10.338850727436933,-9.175779860598716,6.998301350370279,-12.753698351289202,12.752623593376,-13.142114198575957,1.0336912943205991
2023-01-30 14:00:00,11.37638097487578,-8.788024167482249,9.952692968470826,0.11495043424928,3.605154130540169,9.654509961966433,6.47377850427753
2023-01-29 10:00:00,12.451719030986885,-8.628849315181125,12.377738210188122,-9.341186113151052,1.6353962043102557,8.907190076849336,5.628321863419527
2023-02-04 16:00:00,-4.954430324658862,1.5270939497293026,0.2142736535847946,-10.354388607955896,-2.2985031676608543,-4.105611162950376,-2.1397920586409733
2023-01-22 14:00:00,11.285298842175786,-1.0181013538192314,4.933747087282797,1.6974778369885046,-3.024570691891108,8.1917974137005,3.5188934681873008
2023-01-19 15:00:00,14.883210792250802,-8.464396500418728,8.777645365795633,-6.279447085626913,8.443321229589312,9.680977822849448,4.501227631630554
2023-01-01 18:00:00,-1.594501286104962,-6.204210826326237,6.441939943846109,6.328157144020466,2.736968991630365,-2.8442232450795086,6.330152558343896
2023-01-30 19:00:00,-0.4043245938077415,-9.558902181906962,-1.5776224543510673,-6.362460003460582,-3.09306728814202,-0.8240864879608973,-2.571147913964216
2023-01-21 03:00:00,-7.729247441946871,1.9394238071355328,-11.441754650998178,-2.139133338314557,-2.4837695841544494,-5.095313291483615,-8.92233364476745
2023-01-24 16:00:00,-1.2160358322807334,1.775225195074488,-1.7668562032111752,-9.794277292722482,-0.733497566813599,0.2990017596559808,-4.623585638537513
2023-01-19 01:00:00,15.37556469978566,3.781539554434248,-9.717729779095194,-8.997476837847458,-4.57617624394144,13.014031035952211,-9.08156585298314
2023-01-16 07:00:00,-2.3530665975780978,-7.182365337152136,10.363922399963537,0.4101760293979152,-1.8094031737865004,-3.3879490352853106,7.324735362315402
2023-01-04 11:00:00,11.923456106704744,3.785022221542776,-4.121939206600503,-4.372891651856621,-7.013776997200205,10.59131223466952,-4.66073990443272
2023-01-03 13:00:00,-7.262331745268815,3.833680536788382,-12.302790773821556,-0.3919952607296739,-1.896121237532364,-5.318478006215769,-9.444021912464544
2023-01-27 14:00:00,0.8506878800903753,-4.754265860393867,-8.330044664439626,-6.248812653008511,5.373753317014123,-0.6140607000801066,-8.115819105603993
2023-01-12 08:00:00,-12.896882599950697,4.328026495641561,-11.324247081424463,-0.3249704756398504,9.028409375613704,-9.42754831828438,-8.32377074775252
2023-01-12 21:00:00,-10.480726549915634,-7.782649158734333,11.982172492974366,2.7576308637265576,-5.94451359703654,-9.635774427898385,9.41231968319378
2023-01-16 00:00:00,4.377931959844992,-2.6702050610508303,4.628906607044231,-1.2617853951326352,8.422942008314944,1.9448805099620807,3.4458338642130366
2023-01-15 18:00:00,-9.65778134582604,4.10098731341797,-8.520477109430459,-8.687972713350694,8.089062175113016,-5.355495640154853,-9.37925740296173
2023-01-20 00:00:00,-3.7965201437270713,1.8704217117776984,-11.425457013304388,-3.244841949350122,-4.688565648733433,-2.204452278045121,-9.017400449993252
2023-01-12 14:00:00,13.679174639188805,-0.9969375020545695,-2.6247879103130534,-7.771926306095908,1.6156131952717483,11.221737270170625,-4.386692668346865
2023-01-01 12:00:00,6.390249128671083,-0.5094808295573328,-7.969147645144648,-2.8556641635219213,7.723784344385676,5.124600880672869,-6.61281272284051
2023-01-08 14:00:00,13.97476812350432,-6.205139293383516,10.406071561588416,-8.074077515455958,7.271050806264498,9.996870918227184,4.822691922641854
2023-01-16 08:00:00,-9.187460495052605,-7.438711830225628,7.946908335140405,-0.9264766088114808,-3.2748924931207184,-9.474274633876345,5.310153593413052
2023-02-06 17:00:00,10.423659850277415,-3.0314167443641367,-2.9769174110077747,-3.3205821417730927,6.9487160245967,8.074760422287843,-7.441349561186551
2023-01-26 15:00:00,14.56921474504091,0.2095088503435041,-10.288068245834594,0.9119999700368048,11.417515204635247,11.770446098677374,-6.366674699560397
2023-01-10 07:00:00,14.86569010687975,3.695417196379208,-7.971340943702454,-5.966380310006411,-2.4818164228897777,12.340231954634683,-6.4962109033632816
2023-01-24 20:00:00,16.581262189963915,-0.1474715796575765,8.909755300926472,-2.397299852940734,-4.392400909386787,12.815450473409973,5.092586518608069
2023-02-10 10:00:00,-8.71408215814495,-1.8592883904512187,11.541315612556676,-14.763283932224908,3.0145616898743497,-7.394893655699056,4.027806827000854
2023-01-28 05:00:00,7.095376428310739,-3.945057465429297,11.187510661416358,0.3524799649270682,2.127114834130644,4.702647942541958,7.9325179857476975
2023-01-23 17:00:00,13.826953468554722,-1.9105659159073347,7.150374090581352,-9.74634804306041,-3.8771955907895705,11.431881473120288,2.292145509230855
2023-01-25 06:00:00,1.1272075399499557,-8.633645283149708,1.6266088948983477,-8.872351222582266,7.156420999440285,-0.6178617401396438,-1.658215510400017
2023-01-27 09:00:00,-6.539436640963622,-10.517630051408076,5.980494572006976,-0.0526423945799008,-2.363967296851188,-6.810310134068302,5.081268313278545
2023-01-08 08:00:00,-11.392787501268774,-4.960826496691194,5.977212658492441,-0.055432497451689,-1.4547212923709498,-20.91456829186377,9.330261666514271
2023-01-28 17:00:00,-3.8298347704361055,-5.233974148662138,-8.413605187517593,-9.127975449463491,2.61332221500047,-3.957575154379606,-8.508640220024615
2023-01-29 01:00:00,2.948700800149737,1.4858208747484365,-3.028729868228321,-0.7602075874479415,12.336314327418748,2.9889390306240013,-1.6852488441804023
2023-01-25 09:00:00,13.882831694875486,-4.3618218447376975,-6.251197073567491,-11.312547200421674,10.585312559481402,10.049678710246525,-7.327468160142761
2023-02-06 09:00:00,-8.97126653186225,-9.72091205112432,-0.936415655120198,-14.15233247575785,13.097135976725728,-9.628659553291238,-4.417420134180087
2023-01-17 09:00:00,7.806905768911012,-7.370460902575202,10.88374010044286,-9.31643935535595,2.633451759980084,5.396006445918498,5.130766285519061
2023-01-07 19:00:00,-5.483917382708833,3.9453126562498544,-6.654373104665543,-7.775880712739972,1.4192240458296228,-3.0851433680341604,-6.958938492516732
2023-01-11 08:00:00,2.248423743101071,3.940006464177481,-9.565279482837674,4.354320687205417,3.876614924572906,2.936094309356517,-5.692538972713805
2023-01-27 10:00:00,-11.72626664043858,-8.605562883952611,2.3226633468108187,0.9319444576476176,-1.282678792901116,-10.778155209401476,2.428095258107025
2023-02-06 21:00:00,-11.171594281097216,1.4876232847030637,-0.6736323062628304,-3.020662368005386,-0.49400591973106,-8.282334642850287,-1.361698169990919
2023-01-28 21:00:00,14.487137303985158,0.0460049845040547,-9.670276928035609,-2.3174361890115898,8.97621883504373,11.95005261033474,-6.803816105632842
2023-01-16 15:00:00,10.762655220294802,1.1955718221492904,-10.403327430104234,-9.337168705986011,-3.2855946079178464,8.665475844681534,-8.696189033029762
2023-01-18 04:00:00,-11.412774521241802,-2.169273621693109,1.684508235491149,-9.410582215637142,9.192356023556297,-10.186357786308331,-1.2388537939281237
2023-01-04 02:00:00,-2.1387184586015366,-5.714229196994342,11.059150585511327,5.517156155780792,4.722864107087443,-2.791067178464357,9.279676794357142
2023-01-05 17:00:00,9.286990081136723,5.917590457455808,-5.115663082004026,4.534766098668409,-6.986019973457763,9.99326680486439,-5.422971769612195
2023-01-25 22:00:00,10.946231062590044,-1.0630905066360248,7.665561582939207,-2.56782098213681,-1.6947098963587817,12.87508506357378,4.3937109651497295
2023-02-10 01:00:00,15.270404405728495,-3.71448880813198,-7.157692314437003,-1.6196425905668308,13.602789654451426,11.635779438388392,-5.855252350125982
2023-01-17 06:00:00,13.83892710227313,-7.600823321491217,11.854251892819676,-6.517001165771723,7.04693529035225,10.21622070034766,6.387254742335134
2023-01-05 08:00:00,-13.218735202008205,-2.501141487079335,8.682353267277605,-7.560828102926266,3.027105651118326,-11.432049935097064,4.067336453304322
2023-01-05 18:00:00,4.968895740403255,4.437536724352955,-10.9488211609248,6.215268244403447,-7.03611427739982,6.27822471212212,-5.997316320158929
2023-01-18 09:00:00,12.201934257889448,-8.792768073858328,11.531874785146789,-3.211150722901459,9.82646064251406,7.660267782778843,7.06861085908453
2023-01-22 21:00:00,-5.924239127951566,-10.31569527275109,9.685563462034358,-8.735949733490012,7.352213635095978,-6.96495419553599,4.259834922952875
2023-01-20 01:00:00,0.7526868673219409,1.2171519075056898,-9.975770053292832,-1.063744969096563,-4.915448160041619,-0.2504347050929085,-7.338167191546467
2023-01-18 01:00:00,-3.726899442725596,2.132882534267724,-4.063473370914863,-7.252399502750631,5.177289574148191,-2.8449167043866703,-4.952496950571387
2023-01-04 20:00:00,-13.156833966958732,-2.2838045800946616,-5.987248123406038,2.651176179451182,1.7984670760767218,-15.312170531204446,-3.2881277601456964
2023-02-08 18:00:00,-2.26497811746411,-9.424089097087412,-9.129273228493744,-12.385117954442366,12.61946348415036,-3.196473785479944,-10.185083563799369
2023-01-04 17:00:00,-8.0487860528924,1.9377734861930591,-11.148330163315492,-3.013936578172094,-2.971542069080052,-5.258045752819212,-7.911781135103491
2023-01-15 00:00:00,13.560427572364665,-6.717318056842108,10.237042858994352,-10.690108976734995,1.3812552314230304,10.10689781000076,4.964306972963886
2023-02-11 04:00:00,10.710799866385322,-2.2024590036209286,-5.39033892959112,-15.06789589792623,13.56117126404244,8.619402610242503,-8.623400344025237
2023-02-08 09:00:00,15.917169601368103,-7.602515310621461,11.820932711126629,-1.7352285035916923,0.1046490206072134,10.623031744510708,7.641442724780542
2023-02-08 21:00:00,13.960048637629546,-4.856718250432501,-10.500220303506888,-14.740755062250225,13.97275837237103,10.890200937259346,-11.411482980726603
2023-01-26 05:00:00,-6.897514710119649,-9.59438959039148,9.0315388629857,-10.57036207796411,-1.5773903088178731,-7.714366495766888,3.624420157919536
2023-01-25 17:00:00,-11.685218398073594,2.247355628624588,-5.717902546572812,0.289049187851039,6.178287702741539,-9.165168603747158,-4.576591906572128
2023-01-26 11:00:00,7.882258687212071,-6.395110501202582,-5.730196852897065,-1.4659649285526504,7.582957634968309,5.469854347442091,-5.133797680132636
2023-01-04 22:00:00,-1.7752778145393675,-4.859406359851931,-1.539429615517945,4.906237829064497,5.51174670951775,-1.7325173878456264,0.1252337465908172
2023-01-01 11:00:00,1.0224939788461649,2.221320268045836,-9.392385929673628,-4.249099499820726,7.264982886856647,1.200631774079482,-8.565266347936788
2023-01-17 12:00:00,-8.77145002943299,-6.019351357506193,4.293374794486639,-6.405574249538041,-1.75730526882937,-8.57934664941746,1.701845358963575
2023-01-23 05:00:00,6.433485129393512,-2.195585916321368,-9.015116845508564,-3.581501280862448,8.673758402752355,3.9557224878203385,-7.030272455623473
2023-01-02 19:00:00,11.488581731525317,-4.792257533741553,3.544447594428715,-2.582903137390322,6.946687095518207,8.043989698127701,1.560122164165886
2023-01-02 18:00:00,14.242112576183109,-3.6280824534554017,0.6594048859600119,-0.064803724700481,7.59350201127967,10.752925532088565,0.5844593374604159
2023-01-14 17:00:00,-11.534789145583696,3.8959416851953854,-5.900813164234895,-0.5022238028735638,9.987923241426302,-8.229408673787315,-4.910532149400441
2023-01-07 23:00:00,12.084699198010476,4.9094254756290425,-11.871315792221614,-1.8808106163372584,-4.882964452496345,10.55921651383419,-4.969220477448013
2023-01-21 17:00:00,-7.184905373793955,-9.75424830078045,11.723169514200414,2.0180778950986187,8.465190141321687,-7.17532438906089,9.289256037816124
2023-02-06 12:00:00,8.663019251990399,-9.03012555172374,-7.994927269855961,-11.25334285104739,13.12641201668338,5.551054795121712,-8.980030329489976
2023-01-25 21:00:00,5.191047258039035,0.5489373432975841,4.866487738138439,0.2690562986565825,-0.8764202290797984,6.927764623809062,3.1925225053310573
2023-02-01 12:00:00,6.916505848984404,1.5814222887972498,5.815648960652442,-10.74530096035388,10.562166735911864,6.587296750487702,1.4248167799625544
2023-01-05 04:00:00,8.050670605970055,-6.57925431822753,11.551943562813904,-2.31581084457131,7.702975501861217,4.597908233826023,7.365151943002929
2023-01-18 18:00:00,-10.544741492831786,-1.7655593837089478,-4.65490737061848,-2.239451075951089,-3.5912971363880617,-9.2985787159588,-3.558115195028764
2023-01-08 10:00:00,-0.5982181867156917,-6.249857666800714,8.941425688967623,-4.138371838499342,2.312837013426127,-0.4054184638998963,5.4267679716291015
2023-01-19 12:00:00,7.319180338540202,-8.058015973783565,11.70559698895768,-1.381407817109217,10.490881924432838,4.691648308321071,8.172520068449952
2023-01-18 08:00:00,7.595891224041152,-6.779287390398917,10.997654819031396,-5.219678538073073,9.643003746716808,4.545013606243002,6.392460075732289
2023-02-06 06:00:00,-6.6506781317847965,-10.49315432854431,5.822215023051736,-9.842472222007622,9.770429262248912,-7.716651295406186,1.6425543865667185
2023-02-06 18:00:00,3.300527023313387,-1.4987867356609972,-6.849393529019685,-2.1273503993118936,4.832564548438879,2.591689397308312,-4.541198328932288
